model,MAE,RMSE,MAPE,R2
ridge,316.38976589841855,396.35298529786434,0.039890018511422314,0.9883789416613691
rf,320.4101041666667,411.2887829307231,0.03209536136676553,0.9874866052679895
hgb,262.77686341016584,329.8305648873639,0.030052176650762943,0.9919524587530449
